{"cameraMode":{"drawMode":0,"name":"Shaded","section":"Shading Mode"},"sceneLighting":false,"audioPlay":false,"sceneViewState":{"m_AlwaysRefresh":false,"showFog":true,"showSkybox":false,"showFlares":true,"showImageEffects":true,"showParticleSystems":true,"showVisualEffectGraphs":true,"m_FxEnabled":true},"in2DMode":false,"pivot":{"x":0.035075217485427859,"y":-0.11171562969684601,"z":0.00040984153747558594},"rotation":{"x":-0.017812220379710199,"y":-0.047884613275527957,"z":0.0019603315740823747,"w":-0.9986798167228699},"size":0.3516322374343872,"orthographic":false}