{"cameraMode":{"drawMode":0,"name":"Shaded","section":"Shading Mode"},"sceneLighting":false,"audioPlay":false,"sceneViewState":{"m_AlwaysRefresh":false,"showFog":true,"showSkybox":false,"showFlares":true,"showImageEffects":true,"showParticleSystems":true,"showVisualEffectGraphs":true,"m_FxEnabled":true},"in2DMode":false,"pivot":{"x":-1.3857132196426392,"y":0.2376055121421814,"z":0.05536222085356712},"rotation":{"x":0.038580361753702167,"y":0.6941261291503906,"z":0.03730318322777748,"w":-0.7178513407707214},"size":0.8660253882408142,"orthographic":false}