{"cameraMode":{"drawMode":0,"name":"Shaded","section":"Shading Mode"},"sceneLighting":false,"audioPlay":false,"sceneViewState":{"m_AlwaysRefresh":false,"showFog":true,"showSkybox":false,"showFlares":true,"showImageEffects":true,"showParticleSystems":true,"showVisualEffectGraphs":true,"m_FxEnabled":true},"in2DMode":false,"pivot":{"x":0.15778350830078126,"y":-0.04859480261802673,"z":-0.00007174164056777954},"rotation":{"x":-0.004964991472661495,"y":0.9918903112411499,"z":-0.031006546691060067,"w":-0.12315607815980911},"size":0.8014309406280518,"orthographic":false}