{"cameraMode":{"drawMode":0,"name":"Shaded","section":"Shading Mode"},"sceneLighting":false,"audioPlay":false,"sceneViewState":{"m_AlwaysRefresh":false,"showFog":true,"showSkybox":false,"showFlares":true,"showImageEffects":true,"showParticleSystems":true,"showVisualEffectGraphs":true,"m_FxEnabled":true},"in2DMode":false,"pivot":{"x":0.3020271360874176,"y":0.07126646488904953,"z":0.0014096498489379883},"rotation":{"x":-0.017812220379710199,"y":-0.047884613275527957,"z":0.0019603315740823747,"w":-0.9986798167228699},"size":0.8014309406280518,"orthographic":false}