{"cameraMode":{"drawMode":0,"name":"Shaded","section":"Shading Mode"},"sceneLighting":false,"audioPlay":false,"sceneViewState":{"m_AlwaysRefresh":false,"showFog":true,"showSkybox":false,"showFlares":true,"showImageEffects":true,"showParticleSystems":true,"showVisualEffectGraphs":true,"m_FxEnabled":true},"in2DMode":false,"pivot":{"x":-0.2280202955007553,"y":0.6557490229606628,"z":0.8791716694831848},"rotation":{"x":0.03313397988677025,"y":0.9621401429176331,"z":-0.14408564567565919,"w":0.2289351224899292},"size":0.09815364331007004,"orthographic":false}