{"cameraMode":{"drawMode":0,"name":"Shaded","section":"Shading Mode"},"sceneLighting":false,"audioPlay":false,"sceneViewState":{"m_AlwaysRefresh":false,"showFog":true,"showSkybox":false,"showFlares":true,"showImageEffects":true,"showParticleSystems":true,"showVisualEffectGraphs":true,"m_FxEnabled":true},"in2DMode":false,"pivot":{"x":0.16609430313110352,"y":-0.009668760932981968,"z":-0.04341856390237808},"rotation":{"x":-0.013452994637191296,"y":0.9865493178367615,"z":-0.11476482450962067,"w":-0.11565408855676651},"size":0.2804388999938965,"orthographic":false}