{"cameraMode":{"drawMode":0,"name":"Shaded","section":"Shading Mode"},"sceneLighting":true,"audioPlay":false,"sceneViewState":{"m_AlwaysRefresh":false,"showFog":true,"showSkybox":true,"showFlares":true,"showImageEffects":true,"showParticleSystems":true,"showVisualEffectGraphs":true,"m_FxEnabled":true},"in2DMode":false,"pivot":{"x":-0.5405398011207581,"y":-0.23074190318584443,"z":-1.3922046422958375},"rotation":{"x":0.0024961945600807668,"y":-0.997186005115509,"z":0.07269508391618729,"w":0.018092982470989229},"size":0.8660253882408142,"orthographic":false}