{"cameraMode":{"drawMode":0,"name":"Shaded","section":"Shading Mode"},"sceneLighting":false,"audioPlay":false,"sceneViewState":{"m_AlwaysRefresh":false,"showFog":true,"showSkybox":false,"showFlares":true,"showImageEffects":true,"showParticleSystems":true,"showVisualEffectGraphs":true,"m_FxEnabled":true},"in2DMode":false,"pivot":{"x":0.38781535625457766,"y":0.6010956168174744,"z":-0.38090330362319949},"rotation":{"x":0.002175478031858802,"y":-0.7535784244537354,"z":0.0024941135197877886,"w":0.6573388576507568},"size":0.9931368827819824,"orthographic":false}