{"cameraMode":{"drawMode":0,"name":"Shaded","section":"Shading Mode"},"sceneLighting":false,"audioPlay":false,"sceneViewState":{"m_AlwaysRefresh":false,"showFog":true,"showSkybox":false,"showFlares":true,"showImageEffects":true,"showParticleSystems":true,"showVisualEffectGraphs":true,"m_FxEnabled":true},"in2DMode":false,"pivot":{"x":0.12087029218673706,"y":-0.07994391024112702,"z":0.000393107533454895},"rotation":{"x":-0.055354468524456027,"y":-0.002865333342924714,"z":0.0012655174359679223,"w":-0.9984508156776428},"size":0.721298098564148,"orthographic":false}